Reading_ID,Moisture_pct,Soil_Temp_C,EC_Conductivity_dS_m,pH_Level,Fault_Status
SOIL_00001,33.77,25.84,1.5,5.7,0
SOIL_00002,31.58,25.09,2.71,7.46,0
SOIL_00003,50.35,25.36,2.26,6.46,0
SOIL_00004,254.68,25.65,1.54,6.07,1
SOIL_00005,52.66,24.63,2.19,5.19,0
SOIL_00006,-51.63,30.63,2.34,6.82,1
SOIL_00007,47.18,25.61,4.09,8.47,1
SOIL_00008,48.06,22.22,2.17,6.31,0
SOIL_00009,73.23,31.24,1.79,6.11,0
SOIL_00010,50.11,25.21,1.0,6.49,0
SOIL_00011,32.68,25.44,1.39,6.44,0
SOIL_00012,37.1,18.99,2.0,6.21,0
SOIL_00013,34.06,22.19,1.89,8.16,0
SOIL_00014,62.55,15.16,1.67,6.54,0
SOIL_00015,68.2,12.91,1.59,5.46,0
SOIL_00016,64.21,11.69,1.84,5.56,0
SOIL_00017,31.89,20.68,0.68,7.41,0
SOIL_00018,46.3,30.21,3.0,6.73,0
SOIL_00019,57.62,24.61,1.55,6.22,0
SOIL_00020,23.98,27.2,2.15,6.15,0
SOIL_00021,61.36,16.8,2.93,7.06,0
SOIL_00022,60.32,23.81,2.59,5.87,0
SOIL_00023,55.8,34.2,2.01,6.38,0
SOIL_00024,-30.48,26.79,1.72,7.08,1
SOIL_00025,43.51,19.76,1.78,5.91,0
SOIL_00026,29.96,11.84,0.66,7.52,0
SOIL_00027,66.07,14.12,0.95,5.19,0
SOIL_00028,45.82,25.94,1.97,6.53,0
SOIL_00029,35.61,23.33,1.54,6.56,0
SOIL_00030,47.31,32.78,0.75,4.8,0
SOIL_00031,47.18,22.39,2.0,5.91,0
SOIL_00032,36.66,13.09,2.33,6.98,0
SOIL_00033,54.79,20.63,2.62,5.92,0
SOIL_00034,79.49,22.26,2.17,6.29,0
SOIL_00035,22.62,19.69,1.36,,1
SOIL_00036,23.05,21.98,2.28,7.28,0
SOIL_00037,67.23,24.24,2.0,6.77,0
SOIL_00038,59.19,9.84,1.15,6.14,0
SOIL_00039,75.07,17.97,1.13,5.93,0
SOIL_00040,79.02,29.57,2.39,-0.71,1
SOIL_00041,58.94,31.68,2.02,6.62,0
SOIL_00042,24.37,14.34,1.98,7.31,0
SOIL_00043,51.4,14.35,1.84,6.99,0
SOIL_00044,38.74,26.58,2.22,18.33,1
SOIL_00045,54.03,34.16,1.44,7.36,0
SOIL_00046,31.86,23.32,1.71,6.6,0
SOIL_00047,54.93,22.65,2.32,6.7,0
SOIL_00048,58.23,17.75,1.83,4.9,0
SOIL_00049,50.38,28.08,1.28,6.11,0
SOIL_00050,52.88,20.18,1.32,6.55,0
SOIL_00051,58.51,31.42,1.83,5.47,0
SOIL_00052,31.75,24.16,-0.01,7.56,0
SOIL_00053,50.86,23.55,3.03,7.1,0
SOIL_00054,43.91,17.07,1.68,6.18,0
SOIL_00055,65.51,17.28,2.14,7.95,0
SOIL_00056,59.55,18.29,2.25,6.8,0
SOIL_00057,35.07,21.44,1.98,7.6,0
SOIL_00058,58.02,28.63,0.84,5.85,0
SOIL_00059,70.24,26.93,1.05,6.88,0
SOIL_00060,52.63,19.18,0.76,7.57,0
SOIL_00061,39.49,9.45,2.57,7.45,0
SOIL_00062,25.83,17.65,0.72,7.31,0
SOIL_00063,9.61,22.92,1.34,7.5,0
SOIL_00064,65.14,23.39,2.71,7.72,0
SOIL_00065,20.7,33.0,1.01,4.65,0
SOIL_00066,26.73,30.58,1.9,6.16,0
SOIL_00067,46.87,-33.86,2.33,5.11,1
SOIL_00068,50.64,50.79,1.76,5.12,1
SOIL_00069,71.49,23.69,1.91,18.83,1
SOIL_00070,51.64,25.08,2.17,6.16,0
SOIL_00071,40.17,29.91,3.05,7.59,0
SOIL_00072,40.19,16.07,1.15,5.55,0
SOIL_00073,17.71,27.35,1.49,6.64,0
SOIL_00074,70.94,25.57,2.24,7.78,0
SOIL_00075,60.96,18.95,1.66,-0.85,1
SOIL_00076,49.98,29.82,1.41,8.06,0
SOIL_00077,70.79,10.62,2.52,5.0,0
SOIL_00078,64.35,35.04,0.24,5.82,0
SOIL_00079,54.71,29.9,2.59,7.73,0
SOIL_00080,44.4,20.84,2.91,5.96,0
SOIL_00081,45.68,19.46,1.66,6.31,0
SOIL_00082,18.39,21.79,0.88,7.84,0
SOIL_00083,64.32,17.49,1.92,7.03,0
SOIL_00084,41.46,20.64,2.14,5.18,0
SOIL_00085,64.19,26.93,10.52,6.99,1
SOIL_00086,58.2,17.75,1.86,5.93,0
SOIL_00087,46.83,27.64,3.16,6.11,0
SOIL_00088,60.14,20.52,2.68,-0.07,1
SOIL_00089,30.97,28.56,2.17,6.04,0
SOIL_00090,18.47,30.18,2.09,18.37,1
SOIL_00091,42.27,5.0,1.83,5.8,1
SOIL_00092,52.89,9.34,1.91,6.74,0
SOIL_00093,60.47,22.99,1.73,7.11,0
SOIL_00094,46.67,23.54,1.94,6.45,0
SOIL_00095,28.78,5.0,0.66,6.56,1
SOIL_00096,68.48,32.01,0.28,6.57,0
SOIL_00097,38.56,19.83,1.27,6.6,0
SOIL_00098,51.97,25.84,2.52,6.42,0
SOIL_00099,54.08,5.0,2.22,6.38,1
SOIL_00100,46.25,13.04,2.39,6.4,0
SOIL_00101,10.03,29.01,1.87,6.65,0
SOIL_00102,32.91,16.44,2.65,6.15,0
SOIL_00103,53.4,26.71,2.73,6.38,0
SOIL_00104,73.32,17.03,2.64,7.29,0
SOIL_00105,57.21,20.68,1.32,8.11,0
SOIL_00106,53.75,21.05,1.84,8.47,0
SOIL_00107,9.2,21.84,1.48,6.61,0
SOIL_00108,64.02,18.15,2.83,5.68,0
SOIL_00109,61.63,26.32,2.59,6.31,0
SOIL_00110,55.25,27.66,2.12,6.62,0
SOIL_00111,49.86,29.33,2.28,7.37,0
SOIL_00112,54.1,19.32,2.0,5.93,0
SOIL_00113,67.1,15.29,1.15,6.4,0
SOIL_00114,44.05,23.28,6.17,5.69,1
SOIL_00115,51.78,24.22,3.21,7.83,0
SOIL_00116,39.48,24.26,2.15,6.93,0
SOIL_00117,45.28,31.2,1.72,6.22,0
SOIL_00118,47.06,22.66,1.29,6.55,0
SOIL_00119,56.03,34.59,1.62,5.42,0
SOIL_00120,36.05,27.28,0.91,6.86,0
SOIL_00121,42.85,27.46,0.1,6.81,1
SOIL_00122,50.97,22.53,1.68,5.08,0
SOIL_00123,42.68,20.13,2.02,5.92,0
SOIL_00124,47.81,18.34,0.77,6.26,0
SOIL_00125,23.57,23.1,1.93,6.27,0
SOIL_00126,54.91,27.26,2.91,6.09,0
SOIL_00127,34.04,20.82,2.1,6.6,0
SOIL_00128,20.16,19.78,2.15,7.62,0
SOIL_00129,50.2,15.81,2.08,6.88,0
SOIL_00130,51.08,25.07,0.68,7.44,0
SOIL_00131,52.84,15.59,0.74,6.79,0
SOIL_00132,53.1,24.39,2.22,6.24,0
SOIL_00133,52.61,23.7,2.3,6.36,0
SOIL_00134,71.43,21.17,2.53,7.14,0
SOIL_00135,60.04,29.23,2.75,6.93,0
SOIL_00136,61.89,31.54,1.44,7.57,0
SOIL_00137,55.31,9.36,2.48,6.51,0
SOIL_00138,60.58,13.08,2.47,5.38,0
SOIL_00139,198.64,25.51,2.88,6.34,1
SOIL_00140,56.68,-13.26,2.92,5.31,1
SOIL_00141,65.93,13.83,1.53,6.39,0
SOIL_00142,41.22,24.53,1.74,5.56,0
SOIL_00143,69.75,11.53,1.95,6.43,0
SOIL_00144,38.95,10.88,1.22,6.62,0
SOIL_00145,53.53,34.41,2.58,6.4,0
SOIL_00146,26.77,24.33,1.65,6.28,0
SOIL_00147,59.44,12.77,2.62,6.19,0
SOIL_00148,67.05,20.7,2.86,7.41,0
SOIL_00149,44.54,17.31,1.6,3.5,1
SOIL_00150,21.04,19.44,0.58,5.28,0
SOIL_00151,-66.47,20.12,1.78,6.61,1
SOIL_00152,29.07,23.27,2.74,7.71,0
SOIL_00153,46.66,24.7,2.73,6.13,0
SOIL_00154,60.04,17.88,1.73,6.19,0
SOIL_00155,53.5,,1.89,7.01,1
SOIL_00156,17.06,24.43,1.69,5.82,0
SOIL_00157,39.14,18.1,1.38,5.56,0
SOIL_00158,48.71,18.05,0.6,5.25,0
SOIL_00159,69.94,22.63,2.16,7.04,0
SOIL_00160,42.34,22.18,1.46,7.2,0
SOIL_00161,53.96,19.33,1.95,6.03,0
SOIL_00162,48.17,28.31,2.27,5.58,0
SOIL_00163,34.43,-7.0,2.43,7.2,1
SOIL_00164,,34.11,1.32,6.4,1
SOIL_00165,41.56,20.51,0.1,4.89,1
SOIL_00166,67.9,26.23,2.21,6.8,0
SOIL_00167,31.0,30.75,2.26,6.73,0
SOIL_00168,41.76,16.64,1.41,7.61,0
SOIL_00169,34.21,19.85,2.5,7.17,0
SOIL_00170,274.36,29.36,1.77,7.22,1
SOIL_00171,51.91,26.04,6.3,5.8,1
SOIL_00172,69.67,21.86,1.11,5.42,0
SOIL_00173,0.0,13.71,2.14,2.59,1
SOIL_00174,61.7,14.21,1.97,6.51,0
SOIL_00175,28.8,19.28,2.07,7.02,0
SOIL_00176,34.38,17.18,1.03,6.6,0
SOIL_00177,41.59,17.32,0.24,7.66,0
SOIL_00178,277.23,11.0,2.23,6.16,1
SOIL_00179,44.7,13.86,2.64,6.53,0
SOIL_00180,32.21,16.71,0.67,5.99,0
SOIL_00181,43.11,22.7,1.51,5.8,0
SOIL_00182,43.29,19.94,3.65,7.56,0
SOIL_00183,15.25,22.35,2.19,6.41,0
SOIL_00184,,22.09,2.72,8.47,1
SOIL_00185,45.24,11.8,2.94,5.43,0
SOIL_00186,48.46,28.38,1.46,-0.93,1
SOIL_00187,36.05,26.4,3.44,6.63,0
SOIL_00188,45.46,22.26,0.58,7.5,0
SOIL_00189,5.96,18.82,2.16,5.79,0
SOIL_00190,35.3,30.16,2.04,3.5,1
SOIL_00191,36.92,15.91,1.03,5.37,0
SOIL_00192,0.0,27.87,1.28,7.67,1
SOIL_00193,44.46,16.79,1.37,5.12,0
SOIL_00194,62.17,29.9,0.79,6.6,0
SOIL_00195,24.98,24.79,0.81,8.5,0
SOIL_00196,57.97,27.37,1.58,0.53,1
SOIL_00197,81.06,23.27,1.46,7.49,0
SOIL_00198,36.22,24.68,1.34,7.87,0
SOIL_00199,-75.5,22.19,2.38,6.64,1
SOIL_00200,70.8,15.9,1.27,6.63,0
SOIL_00201,70.31,28.56,1.99,6.5,0
SOIL_00202,39.76,20.4,1.8,6.44,0
SOIL_00203,64.48,22.59,1.58,6.01,0
SOIL_00204,60.48,12.48,0.84,7.61,0
SOIL_00205,66.7,20.94,1.68,6.08,0
SOIL_00206,57.42,24.38,1.35,6.27,0
SOIL_00207,66.06,32.36,2.47,5.44,0
SOIL_00208,40.92,21.61,2.25,7.16,0
SOIL_00209,36.74,19.94,1.39,7.77,0
SOIL_00210,5.76,18.05,1.17,4.72,0
SOIL_00211,37.39,18.19,1.17,7.74,0
SOIL_00212,39.42,32.71,1.63,7.09,0
SOIL_00213,12.54,15.61,2.53,7.52,0
SOIL_00214,45.8,19.51,2.63,6.8,0
SOIL_00215,64.31,30.54,-0.07,6.98,0
SOIL_00216,28.57,28.92,2.86,6.77,0
SOIL_00217,78.7,35.9,1.72,5.7,0
SOIL_00218,51.68,28.44,0.84,6.4,0
SOIL_00219,60.2,23.47,1.76,6.11,0
SOIL_00220,44.12,25.72,1.22,7.37,0
SOIL_00221,28.99,15.93,2.96,6.28,0
SOIL_00222,54.77,21.4,1.39,6.89,0
SOIL_00223,58.68,16.21,1.13,5.63,0
SOIL_00224,41.91,30.58,3.27,7.97,0
SOIL_00225,49.6,13.19,2.08,6.71,0
SOIL_00226,44.89,20.53,1.44,5.42,0
SOIL_00227,33.3,15.7,3.1,7.31,0
SOIL_00228,50.91,28.05,2.72,6.7,0
SOIL_00229,32.3,23.02,1.37,7.13,0
SOIL_00230,58.75,21.82,1.24,9.02,0
SOIL_00231,86.74,14.91,-6.14,7.42,1
SOIL_00232,64.79,30.56,1.69,7.38,0
SOIL_00233,41.67,16.43,1.3,6.22,0
SOIL_00234,51.29,19.57,1.79,6.59,0
SOIL_00235,65.4,21.97,3.02,6.21,0
SOIL_00236,43.26,25.22,2.53,5.45,0
SOIL_00237,55.05,20.27,2.07,6.16,0
SOIL_00238,57.92,30.62,1.56,7.41,0
SOIL_00239,49.72,22.33,1.71,6.81,0
SOIL_00240,48.42,32.0,2.28,5.57,0
SOIL_00241,63.92,16.48,2.22,6.41,0
SOIL_00242,76.19,25.17,1.85,5.87,0
SOIL_00243,43.4,17.57,2.56,6.87,0
SOIL_00244,67.33,21.06,0.98,5.95,0
SOIL_00245,18.23,14.01,2.49,14.67,1
SOIL_00246,53.72,30.25,2.23,5.47,0
SOIL_00247,5.74,30.25,0.8,7.83,0
SOIL_00248,31.08,29.36,1.34,6.46,0
SOIL_00249,26.36,27.77,2.85,6.41,0
SOIL_00250,74.47,38.48,2.17,6.77,0
SOIL_00251,39.91,23.27,1.72,6.83,0
SOIL_00252,44.13,32.12,2.03,5.95,0
SOIL_00253,41.04,21.94,1.81,6.69,0
SOIL_00254,18.97,25.66,2.05,6.57,0
SOIL_00255,50.16,26.94,2.46,7.32,0
SOIL_00256,46.37,11.12,3.07,7.1,0
SOIL_00257,30.38,21.32,1.12,6.49,0
SOIL_00258,69.84,20.67,2.62,6.52,0
SOIL_00259,69.27,69.17,1.54,6.33,1
SOIL_00260,22.36,17.69,0.94,6.59,0
SOIL_00261,32.64,22.99,2.72,6.47,0
SOIL_00262,53.46,24.14,1.32,6.63,0
SOIL_00263,36.63,15.97,2.5,5.33,0
SOIL_00264,41.08,22.23,2.56,5.99,0
SOIL_00265,26.68,20.51,3.16,7.65,0
SOIL_00266,26.86,29.23,2.66,5.97,0
SOIL_00267,35.64,25.47,2.71,6.39,0
SOIL_00268,0.0,17.38,2.63,6.67,1
SOIL_00269,48.56,27.87,1.96,6.36,0
SOIL_00270,30.3,21.69,2.75,6.05,0
SOIL_00271,24.32,22.38,1.62,7.24,0
SOIL_00272,22.64,16.46,1.36,5.67,0
SOIL_00273,62.8,23.21,2.22,4.85,0
SOIL_00274,83.25,27.67,2.67,7.53,0
SOIL_00275,52.74,20.56,1.68,5.47,0
SOIL_00276,0.0,,1.52,7.08,1
SOIL_00277,55.23,27.42,0.79,6.19,0
SOIL_00278,66.34,5.0,1.22,7.7,1
SOIL_00279,33.31,23.57,1.31,6.3,0
SOIL_00280,60.84,13.74,0.1,6.07,1
SOIL_00281,64.29,16.2,1.52,7.21,0
SOIL_00282,,11.56,2.14,7.49,1
SOIL_00283,34.45,12.36,0.75,7.8,0
SOIL_00284,46.35,20.22,2.71,4.49,0
SOIL_00285,48.27,20.86,0.1,4.92,1
SOIL_00286,68.73,23.36,0.85,5.63,0
SOIL_00287,37.63,16.62,1.44,5.61,0
SOIL_00288,0.0,27.0,1.26,6.11,1
SOIL_00289,49.91,20.72,1.96,6.54,0
SOIL_00290,62.28,23.86,1.55,6.65,0
SOIL_00291,58.65,2.67,1.59,6.94,0
SOIL_00292,33.2,22.02,1.21,5.94,0
SOIL_00293,49.84,26.72,0.94,6.43,0
SOIL_00294,32.57,8.34,2.37,6.45,0
SOIL_00295,44.58,22.2,2.5,6.51,0
SOIL_00296,76.47,17.27,1.33,6.1,0
SOIL_00297,37.37,31.24,2.15,6.67,0
SOIL_00298,34.0,14.28,1.17,5.67,0
SOIL_00299,41.67,34.97,2.35,7.88,0
SOIL_00300,57.16,29.75,1.71,5.8,0
SOIL_00301,57.02,22.68,1.28,6.82,0
SOIL_00302,51.48,13.39,1.08,6.24,0
SOIL_00303,30.65,19.25,2.56,12.0,1
SOIL_00304,40.53,26.12,0.83,5.29,0
SOIL_00305,70.34,22.66,1.75,6.07,0
SOIL_00306,17.69,15.41,0.46,6.31,0
SOIL_00307,49.66,28.65,1.13,6.04,0
SOIL_00308,41.06,21.42,0.91,7.04,0
SOIL_00309,53.43,23.7,0.09,7.84,0
SOIL_00310,-91.22,27.97,1.43,6.44,1
SOIL_00311,17.98,27.29,1.57,6.91,0
SOIL_00312,55.59,28.48,0.98,7.49,0
SOIL_00313,27.44,26.19,1.37,5.64,0
SOIL_00314,,17.98,1.64,7.92,1
SOIL_00315,45.91,21.75,0.47,5.44,0
SOIL_00316,37.6,30.1,1.82,6.5,0
SOIL_00317,30.63,13.91,2.22,7.04,0
SOIL_00318,38.0,15.23,2.01,7.74,0
SOIL_00319,31.8,25.25,2.02,6.49,0
SOIL_00320,72.84,21.46,1.69,6.58,0
SOIL_00321,50.65,11.95,2.04,7.8,0
SOIL_00322,42.15,105.81,2.55,5.3,1
SOIL_00323,58.66,24.72,3.56,5.69,0
SOIL_00324,41.6,37.81,1.08,5.52,0
SOIL_00325,40.32,23.16,1.22,5.63,0
SOIL_00326,61.8,34.72,1.12,5.76,0
SOIL_00327,32.51,27.9,2.69,7.49,0
SOIL_00328,26.59,10.71,2.89,7.72,0
SOIL_00329,56.81,22.18,9.71,6.8,1
SOIL_00330,47.95,21.61,0.87,7.28,0
SOIL_00331,47.78,21.47,1.59,7.15,0
SOIL_00332,38.69,16.81,2.04,6.5,0
SOIL_00333,55.72,26.81,2.04,7.24,0
SOIL_00334,20.34,19.93,0.1,7.11,1
SOIL_00335,10.13,29.06,2.54,7.02,0
SOIL_00336,37.85,28.17,2.51,6.57,0
SOIL_00337,56.33,20.57,1.51,6.65,0
SOIL_00338,67.4,18.36,2.09,6.36,0
SOIL_00339,54.86,18.65,0.65,5.09,0
SOIL_00340,28.39,22.16,1.86,6.45,0
SOIL_00341,28.54,23.93,1.92,6.54,0
SOIL_00342,66.79,19.31,0.92,5.78,0
SOIL_00343,159.79,19.51,1.59,6.12,1
SOIL_00344,-157.93,23.71,2.83,7.06,1
SOIL_00345,61.57,28.2,1.77,7.2,0
SOIL_00346,0.0,23.46,2.24,5.17,1
SOIL_00347,41.25,21.83,3.47,5.94,0
SOIL_00348,42.12,23.42,1.48,7.14,0
SOIL_00349,56.47,11.22,2.4,5.49,0
SOIL_00350,49.27,20.61,1.67,6.4,0
SOIL_00351,9.62,14.46,2.57,5.5,0
SOIL_00352,60.89,18.73,1.77,5.79,0
SOIL_00353,55.55,16.51,2.54,6.78,0
SOIL_00354,50.87,16.43,2.76,7.0,0
SOIL_00355,70.37,16.09,1.66,7.34,0
SOIL_00356,30.46,35.95,2.54,8.74,0
SOIL_00357,25.81,21.66,0.6,6.35,0
SOIL_00358,54.02,29.23,1.89,6.39,0
SOIL_00359,31.38,26.56,2.72,7.52,0
SOIL_00360,75.0,26.13,,7.4,1
SOIL_00361,32.52,25.26,0.92,6.94,0
SOIL_00362,32.07,34.52,1.01,6.19,0
SOIL_00363,37.75,24.57,1.43,7.09,0
SOIL_00364,39.65,11.32,1.92,6.03,0
SOIL_00365,38.36,20.95,1.35,5.97,0
SOIL_00366,40.26,15.72,2.43,3.5,1
SOIL_00367,38.48,13.6,1.6,8.16,0
SOIL_00368,17.0,24.59,1.3,6.27,0
SOIL_00369,54.08,9.55,1.07,6.55,0
SOIL_00370,37.16,22.65,1.84,5.24,0
SOIL_00371,42.25,12.11,,5.78,1
SOIL_00372,23.15,20.95,2.44,6.79,0
SOIL_00373,17.56,26.66,1.53,6.88,0
SOIL_00374,43.31,18.08,2.13,8.05,0
SOIL_00375,,14.9,2.9,5.66,1
SOIL_00376,72.37,19.96,2.66,6.61,0
SOIL_00377,28.64,25.72,1.51,6.14,0
SOIL_00378,31.68,23.82,2.28,6.73,0
SOIL_00379,48.06,21.57,1.67,6.07,0
SOIL_00380,0.0,16.98,1.49,5.11,0
SOIL_00381,34.45,19.56,1.15,7.01,0
SOIL_00382,49.01,26.14,3.04,5.91,0
SOIL_00383,40.86,21.2,1.31,14.32,1
SOIL_00384,10.81,23.45,1.69,6.55,0
SOIL_00385,12.08,19.84,0.47,6.48,0
SOIL_00386,19.24,15.22,2.57,4.12,0
SOIL_00387,43.61,34.02,1.78,5.23,0
SOIL_00388,29.95,26.7,2.63,6.28,0
SOIL_00389,73.03,23.66,2.05,3.5,1
SOIL_00390,20.94,21.01,1.89,5.75,0
SOIL_00391,67.1,69.06,2.39,6.2,1
SOIL_00392,23.35,17.22,1.79,7.58,0
SOIL_00393,90.29,26.02,,7.06,1
SOIL_00394,56.92,22.23,1.99,6.84,0
SOIL_00395,5.09,20.42,2.58,6.6,0
SOIL_00396,66.9,20.34,1.2,4.98,0
SOIL_00397,36.68,29.83,0.33,5.24,0
SOIL_00398,61.7,10.77,1.3,5.77,0
SOIL_00399,44.8,31.99,2.03,6.18,0
SOIL_00400,38.61,28.14,0.98,7.47,0
SOIL_00401,,22.22,1.72,6.53,1
SOIL_00402,23.92,20.58,2.09,5.99,0
SOIL_00403,37.07,21.94,1.19,6.28,0
SOIL_00404,21.74,24.91,2.7,7.6,0
SOIL_00405,36.5,29.41,2.27,6.6,0
SOIL_00406,48.51,24.9,1.1,7.03,0
SOIL_00407,64.04,23.67,2.29,6.11,0
SOIL_00408,71.76,22.16,1.22,4.96,0
SOIL_00409,44.78,10.94,1.44,7.02,0
SOIL_00410,24.73,12.04,6.02,6.76,1
SOIL_00411,44.07,28.6,2.38,7.27,0
SOIL_00412,42.09,24.83,1.77,6.57,0
SOIL_00413,68.72,26.96,2.09,8.44,0
SOIL_00414,60.76,26.85,2.8,5.75,0
SOIL_00415,49.19,25.68,1.98,5.63,0
SOIL_00416,72.37,27.21,1.36,6.35,0
SOIL_00417,35.89,16.87,2.29,6.26,0
SOIL_00418,56.28,25.4,1.42,6.34,0
SOIL_00419,35.91,24.72,1.6,6.42,0
SOIL_00420,36.51,113.66,2.19,6.24,1
SOIL_00421,7.77,0.28,2.21,6.06,0
SOIL_00422,46.82,36.34,1.67,5.71,0
SOIL_00423,47.33,27.09,1.58,6.94,0
SOIL_00424,42.53,-48.49,3.08,7.45,1
SOIL_00425,53.17,16.28,0.27,9.14,0
SOIL_00426,62.99,20.25,2.06,6.8,0
SOIL_00427,44.68,24.08,1.81,7.4,0
SOIL_00428,55.86,32.02,1.5,6.67,0
SOIL_00429,51.73,31.15,2.0,7.06,0
SOIL_00430,64.37,25.71,1.12,6.44,0
SOIL_00431,54.6,26.38,0.89,17.57,1
SOIL_00432,0.0,23.19,2.53,6.31,1
SOIL_00433,49.77,15.9,1.33,8.02,0
SOIL_00434,28.13,17.3,1.71,7.93,0
SOIL_00435,67.71,27.79,0.22,5.83,0
SOIL_00436,56.55,26.24,0.59,6.9,0
SOIL_00437,53.56,18.3,1.98,6.29,0
SOIL_00438,17.23,17.46,2.56,7.93,0
SOIL_00439,71.8,25.88,1.32,5.55,0
SOIL_00440,63.03,20.19,2.94,7.41,0
SOIL_00441,50.65,17.26,2.7,6.58,0
SOIL_00442,0.0,24.05,2.42,5.02,0
SOIL_00443,38.91,26.06,2.56,8.04,0
SOIL_00444,79.43,15.39,-8.98,5.12,1
SOIL_00445,53.59,19.97,1.44,5.68,0
SOIL_00446,23.22,26.39,1.47,5.51,0
SOIL_00447,34.97,31.45,2.29,7.54,0
SOIL_00448,37.83,23.75,0.93,6.01,0
SOIL_00449,65.33,18.94,2.03,5.57,0
SOIL_00450,,17.02,2.12,6.99,1
SOIL_00451,64.03,21.99,2.29,5.61,0
SOIL_00452,59.21,21.77,2.2,6.87,0
SOIL_00453,85.36,9.05,0.9,6.79,0
SOIL_00454,54.59,11.82,0.61,6.7,0
SOIL_00455,22.69,8.3,1.85,4.94,0
SOIL_00456,44.14,22.09,3.51,7.43,0
SOIL_00457,27.15,28.31,0.1,7.67,1
SOIL_00458,52.0,27.47,1.57,7.26,0
SOIL_00459,76.37,14.32,2.01,7.11,0
SOIL_00460,29.56,16.5,1.42,6.36,0
SOIL_00461,61.77,14.19,2.26,7.88,0
SOIL_00462,33.86,22.53,2.3,5.39,0
SOIL_00463,17.09,27.55,2.88,4.69,0
SOIL_00464,73.78,28.83,2.18,7.5,0
SOIL_00465,49.19,17.92,1.57,5.1,0
SOIL_00466,53.85,22.66,2.41,7.38,0
SOIL_00467,60.51,17.53,1.77,5.36,0
SOIL_00468,14.39,22.14,1.54,7.01,0
SOIL_00469,40.22,18.19,1.51,5.91,0
SOIL_00470,15.43,18.64,1.45,6.81,0
SOIL_00471,35.58,14.07,2.56,7.63,0
SOIL_00472,65.69,3.96,2.55,5.83,0
SOIL_00473,53.09,19.71,-5.23,7.83,1
SOIL_00474,33.89,24.03,1.49,6.51,0
SOIL_00475,45.44,23.22,-2.62,6.59,1
SOIL_00476,42.38,13.02,1.29,7.45,0
SOIL_00477,50.6,8.46,1.74,7.55,0
SOIL_00478,33.74,21.52,0.74,6.45,0
SOIL_00479,42.79,15.04,1.72,5.27,0
SOIL_00480,47.72,19.3,2.41,6.54,0
SOIL_00481,52.66,14.99,1.43,5.3,0
SOIL_00482,48.95,12.66,2.52,6.43,0
SOIL_00483,15.51,29.02,2.23,6.22,0
SOIL_00484,22.32,24.76,2.11,5.35,0
SOIL_00485,56.23,21.85,1.41,3.5,1
SOIL_00486,40.42,27.33,1.16,7.52,0
SOIL_00487,37.0,22.1,2.5,6.24,0
SOIL_00488,40.48,19.73,0.98,6.13,0
SOIL_00489,40.45,31.95,1.53,6.93,0
SOIL_00490,13.19,32.34,1.97,7.81,0
SOIL_00491,76.13,15.94,3.49,6.03,0
SOIL_00492,42.97,23.64,2.3,7.44,0
SOIL_00493,45.26,22.86,1.34,6.5,0
SOIL_00494,46.42,27.18,1.79,8.05,0
SOIL_00495,62.32,15.65,1.64,7.35,0
SOIL_00496,57.31,29.66,2.03,6.21,0
SOIL_00497,43.65,16.45,2.5,6.72,0
SOIL_00498,29.29,21.19,-3.71,5.86,1
SOIL_00499,67.26,15.18,1.94,6.63,0
SOIL_00500,46.01,18.79,2.48,0.03,1
SOIL_00501,55.71,15.79,0.96,5.95,0
SOIL_00502,25.48,16.27,0.1,7.44,1
SOIL_00503,56.68,26.63,14.67,6.68,1
SOIL_00504,19.35,21.74,1.79,6.79,0
SOIL_00505,37.85,33.96,0.25,6.1,0
SOIL_00506,47.39,20.69,1.31,6.25,0
SOIL_00507,76.27,17.29,0.32,6.22,0
SOIL_00508,56.85,18.85,1.05,3.5,1
SOIL_00509,70.87,21.07,1.89,6.0,0
SOIL_00510,53.28,23.87,2.09,5.81,0
SOIL_00511,25.02,19.6,1.52,5.39,0
SOIL_00512,25.12,14.27,0.32,6.44,0
SOIL_00513,58.7,27.6,1.39,5.74,0
SOIL_00514,26.97,29.31,0.92,7.83,0
SOIL_00515,17.21,19.45,1.62,5.43,0
SOIL_00516,27.43,30.92,1.87,6.18,0
SOIL_00517,49.83,18.97,0.67,7.09,0
SOIL_00518,30.71,28.26,1.53,4.79,0
SOIL_00519,67.59,16.3,0.26,7.12,0
SOIL_00520,52.69,36.24,1.67,5.84,0
SOIL_00521,48.41,11.45,1.66,5.64,0
SOIL_00522,51.98,15.4,0.74,6.97,0
SOIL_00523,55.87,35.19,0.79,7.06,0
SOIL_00524,56.13,11.73,3.04,5.62,0
SOIL_00525,30.29,20.52,2.04,6.23,0
SOIL_00526,67.69,18.83,1.31,7.47,0
SOIL_00527,56.31,22.19,1.57,6.14,0
SOIL_00528,37.89,23.53,0.97,5.7,0
SOIL_00529,58.91,20.57,1.96,6.4,0
SOIL_00530,21.02,26.44,1.72,6.43,0
SOIL_00531,60.39,30.47,2.31,6.29,0
SOIL_00532,50.18,18.51,2.52,6.86,0
SOIL_00533,6.4,11.28,2.74,11.24,1
SOIL_00534,80.96,17.95,2.4,7.0,0
SOIL_00535,21.47,23.8,1.65,6.2,0
SOIL_00536,55.33,124.77,0.85,5.35,1
SOIL_00537,70.46,27.29,1.59,7.77,0
SOIL_00538,0.0,33.18,1.77,5.27,0
SOIL_00539,49.19,23.27,2.08,7.16,0
SOIL_00540,60.95,19.56,1.41,6.37,0
SOIL_00541,65.09,17.64,0.96,6.52,0
SOIL_00542,66.9,20.88,1.98,-7.25,1
SOIL_00543,61.67,27.11,3.49,6.11,0
SOIL_00544,-114.72,18.38,2.8,7.14,1
SOIL_00545,53.27,25.58,2.63,5.61,0
SOIL_00546,-9.25,15.49,1.54,6.1,1
SOIL_00547,67.74,21.89,1.27,7.35,0
SOIL_00548,33.0,12.7,2.33,6.03,0
SOIL_00549,64.18,-7.23,2.68,6.52,1
SOIL_00550,69.41,30.87,1.62,6.59,0
SOIL_00551,29.17,23.56,1.39,5.8,0
SOIL_00552,44.62,21.2,1.42,6.84,0
SOIL_00553,39.85,23.62,1.95,6.44,0
SOIL_00554,0.0,25.09,1.75,5.86,1
SOIL_00555,37.63,23.95,1.81,7.01,0
SOIL_00556,33.67,23.37,2.67,6.62,0
SOIL_00557,64.65,16.02,2.41,6.44,0
SOIL_00558,23.31,13.13,1.68,6.25,0
SOIL_00559,48.34,26.36,1.8,5.33,0
SOIL_00560,31.88,14.15,2.51,6.38,0
SOIL_00561,64.64,24.19,2.17,4.72,0
SOIL_00562,33.99,28.05,2.95,7.09,0
SOIL_00563,45.66,15.82,2.27,5.58,0
SOIL_00564,1.96,18.06,1.98,6.93,0
SOIL_00565,45.03,21.08,1.46,3.5,1
SOIL_00566,41.82,16.68,0.7,5.46,0
SOIL_00567,46.29,16.58,2.54,3.5,1
SOIL_00568,68.43,18.8,2.55,7.99,0
SOIL_00569,55.77,17.37,2.75,0.77,1
SOIL_00570,52.12,24.92,0.95,7.84,0
SOIL_00571,31.7,22.47,2.07,6.87,0
SOIL_00572,83.47,13.32,1.33,6.29,0
SOIL_00573,11.91,32.37,1.73,6.64,0
SOIL_00574,23.46,20.21,0.71,6.77,0
SOIL_00575,31.24,21.58,1.32,6.86,0
SOIL_00576,48.42,18.86,-1.49,7.56,1
SOIL_00577,45.78,21.93,2.08,6.57,0
SOIL_00578,31.42,16.56,2.32,6.99,0
SOIL_00579,48.17,13.88,2.91,8.07,0
SOIL_00580,65.85,20.01,1.72,17.85,1
SOIL_00581,46.0,30.61,1.47,6.41,0
SOIL_00582,22.33,25.38,2.04,7.14,0
SOIL_00583,43.13,29.31,2.01,5.39,0
SOIL_00584,30.28,18.55,1.02,5.72,0
SOIL_00585,19.84,17.1,0.95,5.75,0
SOIL_00586,45.7,18.91,3.4,6.81,0
SOIL_00587,28.72,25.08,1.99,6.92,0
SOIL_00588,39.05,28.12,2.36,5.79,0
SOIL_00589,52.6,20.34,2.2,6.84,0
SOIL_00590,50.77,13.57,2.13,5.98,0
SOIL_00591,66.69,27.84,2.69,7.5,0
SOIL_00592,14.03,28.66,3.37,6.91,0
SOIL_00593,41.32,25.07,2.19,7.09,0
SOIL_00594,63.21,30.57,1.88,7.77,0
SOIL_00595,14.77,10.5,2.51,7.05,0
SOIL_00596,41.93,16.46,1.64,6.04,0
SOIL_00597,48.61,22.12,0.96,6.6,0
SOIL_00598,25.26,15.65,2.26,5.45,0
SOIL_00599,32.83,27.5,1.17,5.62,0
SOIL_00600,23.59,14.94,1.25,6.98,0
SOIL_00601,50.02,30.07,0.91,7.84,0
SOIL_00602,0.01,16.91,0.04,7.36,0
SOIL_00603,31.22,30.4,0.88,6.77,0
SOIL_00604,32.04,17.05,1.88,5.3,0
SOIL_00605,61.34,7.82,2.64,6.61,0
SOIL_00606,16.89,,1.43,5.7,1
SOIL_00607,68.34,26.09,1.31,6.81,0
SOIL_00608,58.45,15.77,1.76,5.44,0
SOIL_00609,63.81,31.51,1.75,6.63,0
SOIL_00610,37.32,30.21,1.76,6.09,0
SOIL_00611,37.44,20.94,2.54,6.57,0
SOIL_00612,30.84,23.91,1.58,6.08,0
SOIL_00613,55.45,22.09,1.46,5.25,0
SOIL_00614,38.67,25.93,0.1,7.32,1
SOIL_00615,-64.99,27.11,2.26,6.26,1
SOIL_00616,38.63,12.06,3.8,6.15,0
SOIL_00617,51.68,32.06,3.02,6.39,0
SOIL_00618,22.26,29.12,1.97,5.98,0
SOIL_00619,27.88,15.72,1.44,5.97,0
SOIL_00620,69.3,30.71,-3.41,7.65,1
SOIL_00621,28.68,33.47,1.33,6.57,0
SOIL_00622,71.05,,1.95,6.15,1
SOIL_00623,35.51,26.12,2.03,5.17,0
SOIL_00624,20.6,-3.37,2.23,6.09,1
SOIL_00625,69.67,-54.37,0.42,5.72,1
SOIL_00626,76.42,29.02,1.19,6.16,0
SOIL_00627,100.51,23.2,2.82,7.72,1
SOIL_00628,64.67,,1.03,7.65,1
SOIL_00629,46.86,10.6,1.26,6.29,0
SOIL_00630,47.84,18.06,1.57,5.95,0
SOIL_00631,50.65,29.59,2.79,6.96,0
SOIL_00632,45.36,17.82,2.26,7.39,0
SOIL_00633,46.84,21.66,1.61,6.28,0
SOIL_00634,45.11,15.22,1.48,8.12,0
SOIL_00635,34.63,18.02,1.32,6.07,0
SOIL_00636,32.26,24.03,0.92,6.21,0
SOIL_00637,24.31,21.17,1.23,6.37,0
SOIL_00638,11.06,11.09,3.03,6.23,0
SOIL_00639,43.36,17.46,0.1,5.58,1
SOIL_00640,29.83,30.36,1.56,7.12,0
SOIL_00641,15.52,28.42,1.45,6.27,0
SOIL_00642,30.2,5.0,2.6,8.22,1
SOIL_00643,35.44,24.02,1.38,7.12,0
SOIL_00644,35.11,18.12,2.27,6.76,0
SOIL_00645,70.07,30.31,1.03,8.05,0
SOIL_00646,34.29,20.42,1.92,7.07,0
SOIL_00647,71.02,14.61,1.47,7.05,0
SOIL_00648,31.48,11.79,2.12,5.97,0
SOIL_00649,53.68,-71.41,2.7,6.31,1
SOIL_00650,26.99,17.24,0.1,7.3,1
SOIL_00651,75.88,31.88,1.05,12.38,1
SOIL_00652,67.06,38.04,1.59,6.02,0
SOIL_00653,58.48,28.41,2.74,8.37,0
SOIL_00654,80.6,11.54,1.89,6.34,0
SOIL_00655,60.66,15.31,1.75,7.44,0
SOIL_00656,52.89,15.34,2.61,6.71,0
SOIL_00657,20.61,20.28,2.16,6.86,0
SOIL_00658,2.59,16.95,3.42,6.23,0
SOIL_00659,21.7,25.74,1.04,6.66,0
SOIL_00660,14.64,20.29,,5.26,1
SOIL_00661,30.6,27.25,0.83,7.38,0
SOIL_00662,64.7,25.57,1.04,7.1,0
SOIL_00663,25.8,29.86,2.72,7.99,0
SOIL_00664,36.68,17.62,1.17,6.56,0
SOIL_00665,46.02,27.72,2.9,5.7,0
SOIL_00666,46.66,17.48,1.02,7.7,0
SOIL_00667,34.32,21.67,1.74,6.29,0
SOIL_00668,66.39,16.99,0.96,3.64,0
SOIL_00669,45.44,24.13,2.26,6.9,0
SOIL_00670,48.07,29.95,1.94,7.25,0
SOIL_00671,89.56,29.02,2.68,7.48,0
SOIL_00672,76.27,24.16,2.39,5.78,0
SOIL_00673,45.34,21.16,1.89,6.91,0
SOIL_00674,54.84,21.89,6.22,6.96,1
SOIL_00675,28.41,31.17,0.91,6.99,0
SOIL_00676,7.4,16.95,2.07,6.02,0
SOIL_00677,57.27,24.8,1.73,6.78,0
SOIL_00678,25.97,28.75,2.26,7.39,0
SOIL_00679,55.16,21.95,2.32,5.0,0
SOIL_00680,83.66,27.56,1.35,6.49,0
SOIL_00681,11.23,35.3,1.29,,1
SOIL_00682,3.98,21.45,1.85,7.79,0
SOIL_00683,-69.34,20.47,1.62,7.74,1
SOIL_00684,59.58,23.33,0.78,7.26,0
SOIL_00685,67.51,24.94,1.1,7.99,0
SOIL_00686,59.56,30.0,2.55,7.28,0
SOIL_00687,50.18,29.55,2.11,4.64,0
SOIL_00688,0.0,23.98,1.78,6.14,1
SOIL_00689,47.23,10.2,2.68,7.64,0
SOIL_00690,66.31,13.3,1.76,6.09,0
SOIL_00691,33.4,27.82,2.29,7.54,0
SOIL_00692,45.75,18.22,1.77,7.12,0
SOIL_00693,24.22,28.26,1.84,8.01,0
SOIL_00694,151.14,26.95,4.0,6.15,1
SOIL_00695,45.33,20.89,1.31,5.03,0
SOIL_00696,91.56,17.05,2.19,6.33,0
SOIL_00697,18.4,20.98,2.17,5.36,0
SOIL_00698,61.87,23.22,2.6,6.13,0
SOIL_00699,35.78,110.66,1.75,4.27,1
SOIL_00700,59.84,27.57,3.2,6.51,0
SOIL_00701,58.48,26.21,1.55,6.85,0
SOIL_00702,39.79,23.12,1.49,6.89,0
SOIL_00703,26.43,54.14,2.39,7.29,1
SOIL_00704,25.98,30.53,2.66,6.76,0
SOIL_00705,46.89,17.61,0.93,5.98,0
SOIL_00706,31.99,19.86,1.26,7.5,0
SOIL_00707,40.86,22.37,1.92,7.07,0
SOIL_00708,0.0,18.52,2.22,6.45,1
SOIL_00709,54.14,21.23,2.74,6.41,0
SOIL_00710,28.93,12.55,1.88,6.0,0
SOIL_00711,37.5,19.72,2.61,7.53,0
SOIL_00712,68.69,21.28,0.54,6.53,0
SOIL_00713,47.67,17.51,0.96,7.21,0
SOIL_00714,58.6,29.77,1.79,4.9,0
SOIL_00715,27.81,24.62,2.53,6.62,0
SOIL_00716,0.0,21.34,1.57,6.73,1
SOIL_00717,52.76,18.41,1.6,5.57,0
SOIL_00718,27.62,12.76,2.07,5.91,0
SOIL_00719,279.67,17.91,1.64,7.1,1
SOIL_00720,37.42,22.4,2.78,6.98,0
SOIL_00721,49.9,21.57,1.87,6.74,0
SOIL_00722,21.18,17.5,3.52,7.54,0
SOIL_00723,26.11,32.03,1.91,6.96,0
SOIL_00724,19.92,28.58,1.53,7.62,0
SOIL_00725,24.29,19.37,1.86,5.78,0
SOIL_00726,33.74,25.51,2.57,6.69,0
SOIL_00727,54.23,29.78,1.68,6.58,0
SOIL_00728,46.66,24.09,-0.17,5.53,0
SOIL_00729,46.6,21.0,1.47,7.92,0
SOIL_00730,27.43,11.12,0.18,6.13,0
SOIL_00731,44.6,21.6,2.16,6.81,0
SOIL_00732,67.62,17.46,1.02,6.11,0
SOIL_00733,119.81,18.44,1.83,7.41,1
SOIL_00734,59.59,20.08,0.77,6.3,0
SOIL_00735,35.9,20.68,1.74,6.29,0
SOIL_00736,36.37,19.74,1.92,6.52,0
SOIL_00737,54.39,13.99,1.45,6.57,0
SOIL_00738,28.11,11.51,1.77,6.06,0
SOIL_00739,42.83,,0.62,5.88,1
SOIL_00740,48.36,32.19,1.83,6.07,0
SOIL_00741,37.97,22.63,1.35,6.38,0
SOIL_00742,29.79,15.43,1.86,6.72,0
SOIL_00743,33.3,27.94,,6.17,1
SOIL_00744,20.2,34.43,1.63,5.59,0
SOIL_00745,49.99,29.28,1.49,5.53,0
SOIL_00746,60.02,30.07,1.99,5.77,0
SOIL_00747,35.91,14.99,2.97,6.76,0
SOIL_00748,94.28,18.62,1.71,7.2,0
SOIL_00749,31.35,29.24,2.18,5.62,0
SOIL_00750,31.65,14.75,2.9,6.84,0
SOIL_00751,58.85,18.68,2.08,6.8,0
SOIL_00752,56.18,23.13,2.33,7.97,0
SOIL_00753,57.06,25.23,1.2,8.36,0
SOIL_00754,64.28,20.35,2.05,7.35,0
SOIL_00755,28.23,22.06,2.05,,1
SOIL_00756,51.71,22.99,3.04,6.93,0
SOIL_00757,19.81,20.64,0.93,5.91,0
SOIL_00758,64.18,18.99,3.32,5.58,0
SOIL_00759,62.92,21.27,2.6,5.25,0
SOIL_00760,63.78,18.75,2.48,6.63,0
SOIL_00761,44.05,27.36,1.0,5.9,0
SOIL_00762,63.49,23.83,1.17,7.14,0
SOIL_00763,48.02,21.56,2.24,5.6,0
SOIL_00764,69.9,,0.34,6.7,1
SOIL_00765,39.44,28.26,0.75,5.89,0
SOIL_00766,39.19,19.79,2.36,5.4,0
SOIL_00767,52.7,26.35,2.63,5.85,0
SOIL_00768,22.28,29.11,3.3,5.98,0
SOIL_00769,40.74,24.95,1.57,6.48,0
SOIL_00770,44.08,12.32,,6.02,1
SOIL_00771,20.94,19.46,1.26,5.76,0
SOIL_00772,46.78,16.87,2.12,5.86,0
SOIL_00773,53.9,14.83,1.66,3.51,0
SOIL_00774,60.05,28.55,0.85,6.2,0
SOIL_00775,18.04,24.27,2.17,6.53,0
SOIL_00776,63.24,6.61,1.08,6.16,0
SOIL_00777,7.62,21.93,2.32,6.66,0
SOIL_00778,28.68,18.02,2.29,7.27,0
SOIL_00779,81.75,27.56,1.59,7.35,0
SOIL_00780,47.77,18.04,2.0,7.28,0
SOIL_00781,26.19,23.9,1.6,3.5,1
SOIL_00782,20.48,23.83,1.75,5.76,0
SOIL_00783,22.21,17.07,0.9,6.05,0
SOIL_00784,27.95,15.96,-0.58,6.98,0
SOIL_00785,62.54,34.16,1.71,6.75,0
SOIL_00786,54.86,24.35,1.1,5.89,0
SOIL_00787,64.21,22.3,1.2,7.36,0
SOIL_00788,25.95,29.26,1.16,5.61,0
SOIL_00789,9.13,32.54,2.47,6.08,0
SOIL_00790,56.5,31.01,2.55,6.67,0
SOIL_00791,43.85,13.75,2.04,7.17,0
SOIL_00792,30.67,22.2,1.57,7.43,0
SOIL_00793,62.92,20.34,2.03,6.74,0
SOIL_00794,68.37,33.37,2.57,-6.0,1
SOIL_00795,76.03,26.27,2.96,7.35,0
SOIL_00796,26.44,14.23,1.27,5.67,0
SOIL_00797,67.13,10.95,0.74,6.12,0
SOIL_00798,52.01,31.73,2.02,5.71,0
SOIL_00799,33.79,21.93,0.54,6.43,0
SOIL_00800,66.77,21.77,1.99,5.68,0
SOIL_00801,29.07,19.94,1.96,6.88,0
SOIL_00802,33.7,17.01,1.71,6.83,0
SOIL_00803,61.26,22.24,3.05,7.1,0
SOIL_00804,33.92,26.84,1.85,6.73,0
SOIL_00805,52.31,21.83,2.19,6.68,0
SOIL_00806,36.02,28.28,2.61,5.72,0
SOIL_00807,48.13,26.13,1.75,5.96,0
SOIL_00808,49.43,27.42,1.52,6.42,0
SOIL_00809,27.75,23.1,1.55,6.49,0
SOIL_00810,48.73,21.02,2.1,6.23,0
SOIL_00811,35.53,15.1,2.03,6.95,0
SOIL_00812,27.79,27.91,3.0,8.35,0
SOIL_00813,24.95,23.54,1.36,6.82,0
SOIL_00814,25.15,20.47,1.64,5.96,0
SOIL_00815,34.08,15.18,2.47,7.13,0
SOIL_00816,55.34,29.61,2.26,6.0,0
SOIL_00817,20.45,21.92,1.76,6.78,0
SOIL_00818,46.5,33.3,1.66,6.88,0
SOIL_00819,51.75,9.57,1.45,6.68,0
SOIL_00820,63.01,23.88,1.17,6.03,0
SOIL_00821,35.19,5.0,1.78,6.56,1
SOIL_00822,47.93,17.61,2.21,6.1,0
SOIL_00823,24.2,20.34,2.06,6.09,0
SOIL_00824,21.56,25.75,1.74,5.18,0
SOIL_00825,51.52,23.63,2.02,6.4,0
SOIL_00826,82.24,18.71,1.13,8.23,0
SOIL_00827,56.89,17.99,2.2,4.5,0
SOIL_00828,23.12,11.71,0.8,4.72,0
SOIL_00829,24.7,18.33,1.98,6.55,0
SOIL_00830,56.09,17.54,2.21,7.1,0
SOIL_00831,57.97,29.14,1.87,5.42,0
SOIL_00832,45.99,19.61,1.8,6.67,0
SOIL_00833,41.21,19.66,1.06,6.37,0
SOIL_00834,54.4,5.0,1.77,6.02,1
SOIL_00835,26.44,30.2,3.19,6.81,0
SOIL_00836,63.49,30.08,1.75,5.69,0
SOIL_00837,51.37,36.35,1.61,7.31,0
SOIL_00838,30.48,13.6,0.67,4.97,0
SOIL_00839,43.48,22.98,2.06,6.43,0
SOIL_00840,100.0,21.38,2.11,6.59,0
SOIL_00841,39.72,11.06,1.47,6.37,0
SOIL_00842,55.13,15.0,1.63,6.09,0
SOIL_00843,60.02,27.46,0.87,7.0,0
SOIL_00844,48.46,25.16,1.89,6.17,0
SOIL_00845,168.07,25.11,2.15,5.29,1
SOIL_00846,31.9,24.68,0.1,5.95,1
SOIL_00847,41.86,11.89,1.77,6.58,0
SOIL_00848,42.43,15.41,3.01,6.06,0
SOIL_00849,67.95,18.78,1.91,6.24,0
SOIL_00850,73.8,26.98,2.14,7.12,0
SOIL_00851,77.6,22.79,2.54,6.02,0
SOIL_00852,38.68,27.43,2.2,6.42,0
SOIL_00853,63.89,33.74,1.55,6.34,0
SOIL_00854,50.03,12.47,0.67,7.36,0
SOIL_00855,25.58,21.28,3.69,6.54,0
SOIL_00856,18.29,21.31,2.32,7.14,0
SOIL_00857,39.19,17.03,2.39,5.92,0
SOIL_00858,42.44,24.64,2.53,7.9,0
SOIL_00859,28.9,39.13,2.58,7.16,0
SOIL_00860,67.26,16.31,2.36,7.83,0
SOIL_00861,71.78,25.61,1.82,6.66,0
SOIL_00862,41.64,15.73,1.58,6.02,0
SOIL_00863,72.55,11.17,2.31,6.32,0
SOIL_00864,52.66,18.32,1.9,6.67,0
SOIL_00865,9.68,23.64,1.88,6.66,0
SOIL_00866,8.44,24.39,2.49,6.17,0
SOIL_00867,51.14,32.66,3.27,6.49,0
SOIL_00868,42.22,23.67,1.14,6.7,0
SOIL_00869,28.22,22.08,2.14,5.85,0
SOIL_00870,52.86,27.0,1.1,6.21,0
SOIL_00871,84.39,-11.34,1.94,7.57,1
SOIL_00872,46.28,21.86,0.62,7.46,0
SOIL_00873,37.37,20.92,1.31,5.86,0
SOIL_00874,32.39,25.82,1.81,8.02,0
SOIL_00875,23.68,25.17,2.55,5.86,0
SOIL_00876,59.66,20.41,0.76,6.83,0
SOIL_00877,37.32,30.65,2.1,7.56,0
SOIL_00878,42.53,27.05,1.77,5.86,0
SOIL_00879,37.64,27.77,2.82,5.6,0
SOIL_00880,73.88,16.52,1.52,6.89,0
SOIL_00881,19.44,18.92,2.1,6.44,0
SOIL_00882,57.34,31.1,1.69,6.22,0
SOIL_00883,60.66,28.24,1.12,5.42,0
SOIL_00884,31.71,13.51,1.4,7.55,0
SOIL_00885,55.91,24.01,1.27,6.7,0
SOIL_00886,41.94,27.75,0.58,7.05,0
SOIL_00887,59.66,15.84,2.88,7.43,0
SOIL_00888,27.55,28.06,1.55,5.11,0
SOIL_00889,49.85,22.31,2.13,3.5,1
SOIL_00890,46.31,31.03,1.03,5.29,0
SOIL_00891,54.76,21.23,1.83,7.1,0
SOIL_00892,2.13,,2.15,7.58,1
SOIL_00893,32.07,25.17,1.86,3.5,1
SOIL_00894,147.49,15.26,1.22,6.44,1
SOIL_00895,76.52,18.56,2.37,6.96,0
SOIL_00896,0.0,11.1,0.37,6.88,1
SOIL_00897,52.27,17.15,0.7,6.32,0
SOIL_00898,29.74,30.06,1.72,7.07,0
SOIL_00899,50.37,22.88,0.12,6.31,0
SOIL_00900,55.54,20.61,1.25,6.75,0
SOIL_00901,77.06,16.74,1.47,5.5,0
SOIL_00902,29.07,23.24,2.86,7.42,0
SOIL_00903,38.18,20.67,1.34,5.8,0
SOIL_00904,81.19,36.34,1.43,6.75,0
SOIL_00905,41.42,22.13,0.51,5.6,0
SOIL_00906,53.83,24.72,1.85,6.15,0
SOIL_00907,25.93,18.19,1.81,3.5,1
SOIL_00908,-158.43,21.9,1.04,6.92,1
SOIL_00909,50.85,24.78,2.44,7.68,0
SOIL_00910,38.15,16.47,2.39,5.89,0
SOIL_00911,48.26,25.56,1.41,5.77,0
SOIL_00912,49.6,22.78,0.45,7.33,0
SOIL_00913,46.28,8.34,1.05,5.93,0
SOIL_00914,31.51,26.94,2.87,8.36,0
SOIL_00915,59.91,24.93,1.9,5.65,0
SOIL_00916,48.26,23.43,1.26,7.08,0
SOIL_00917,33.02,18.19,2.76,5.27,0
SOIL_00918,30.5,36.79,1.67,5.69,0
SOIL_00919,26.45,18.47,1.81,5.72,0
SOIL_00920,66.69,4.06,3.47,12.09,1
SOIL_00921,-61.99,25.1,2.44,7.16,1
SOIL_00922,28.62,21.19,1.6,6.47,0
SOIL_00923,27.2,13.34,2.06,7.41,0
SOIL_00924,9.2,20.48,2.19,3.74,1
SOIL_00925,84.67,21.6,2.38,5.71,0
SOIL_00926,46.6,17.47,1.07,6.41,0
SOIL_00927,29.06,22.66,2.94,7.48,0
SOIL_00928,38.81,24.13,2.8,5.82,0
SOIL_00929,22.38,21.72,11.15,6.96,1
SOIL_00930,48.32,16.46,1.79,18.61,1
SOIL_00931,42.27,24.81,1.85,5.74,0
SOIL_00932,65.04,12.29,1.91,6.26,0
SOIL_00933,32.42,72.43,2.34,5.61,1
SOIL_00934,51.51,23.85,1.57,7.49,0
SOIL_00935,45.33,20.7,2.1,4.24,0
SOIL_00936,244.29,18.94,2.24,6.92,1
SOIL_00937,51.47,14.63,2.15,6.91,0
SOIL_00938,43.56,18.81,2.13,6.13,0
SOIL_00939,62.92,17.12,5.64,4.9,1
SOIL_00940,52.24,15.95,1.95,6.86,0
SOIL_00941,36.37,14.77,0.46,6.14,0
SOIL_00942,61.0,29.88,1.09,6.0,0
SOIL_00943,50.21,26.58,0.89,7.45,0
SOIL_00944,35.64,36.65,1.05,7.67,0
SOIL_00945,62.04,23.42,1.11,6.09,0
SOIL_00946,60.61,26.32,2.53,5.88,0
SOIL_00947,28.73,21.57,2.73,4.3,0
SOIL_00948,31.9,31.07,2.25,5.22,0
SOIL_00949,47.23,21.69,1.1,5.87,0
SOIL_00950,38.63,27.85,1.15,7.36,0
SOIL_00951,39.19,23.11,1.35,6.86,0
SOIL_00952,30.7,33.04,1.29,18.66,1
SOIL_00953,48.1,19.11,2.72,0.58,1
SOIL_00954,49.0,28.89,0.85,6.5,0
SOIL_00955,19.23,21.35,2.02,6.58,0
SOIL_00956,38.05,16.98,0.91,6.93,0
SOIL_00957,34.86,21.69,2.15,6.32,0
SOIL_00958,49.99,8.51,1.53,6.75,0
SOIL_00959,55.29,27.61,1.01,6.79,0
SOIL_00960,58.02,26.0,1.41,6.69,0
SOIL_00961,38.34,33.39,2.15,6.05,0
SOIL_00962,54.63,16.23,0.66,7.57,0
SOIL_00963,17.99,17.54,1.36,7.56,0
SOIL_00964,68.98,14.42,1.67,5.49,0
SOIL_00965,32.49,24.19,0.84,4.88,0
SOIL_00966,20.75,19.51,1.13,6.15,0
SOIL_00967,32.6,17.05,2.82,5.86,0
SOIL_00968,71.04,24.4,0.87,5.18,0
SOIL_00969,56.43,28.61,1.43,6.2,0
SOIL_00970,77.23,22.64,2.14,7.64,0
SOIL_00971,50.42,19.13,1.75,6.87,0
SOIL_00972,69.43,29.03,1.4,7.16,0
SOIL_00973,38.55,20.48,2.35,7.56,0
SOIL_00974,21.47,20.39,0.35,7.12,0
SOIL_00975,51.59,25.08,2.29,6.37,0
SOIL_00976,46.34,17.89,1.14,7.43,0
SOIL_00977,54.01,28.15,0.01,5.86,0
SOIL_00978,59.98,16.49,3.31,5.28,0
SOIL_00979,0.0,18.34,1.83,7.62,1
SOIL_00980,43.29,15.08,2.34,7.73,0
SOIL_00981,44.12,27.18,2.55,6.17,0
SOIL_00982,53.67,30.13,1.15,6.07,0
SOIL_00983,18.66,21.08,1.62,6.95,0
SOIL_00984,32.36,24.68,1.78,5.62,0
SOIL_00985,241.45,24.2,1.31,6.31,1
SOIL_00986,36.41,23.78,2.63,6.69,0
SOIL_00987,57.2,15.05,2.73,5.95,0
SOIL_00988,37.91,18.07,1.71,7.38,0
SOIL_00989,41.32,26.56,2.15,6.71,0
SOIL_00990,5.91,29.3,2.4,6.39,0
SOIL_00991,56.23,27.69,2.0,7.29,0
SOIL_00992,35.33,22.1,1.4,6.62,0
SOIL_00993,8.43,26.81,0.06,5.93,0
SOIL_00994,19.72,12.78,1.87,7.51,0
SOIL_00995,46.96,9.88,2.36,6.48,0
SOIL_00996,32.63,13.75,1.14,3.84,0
SOIL_00997,30.37,38.93,1.92,6.72,0
SOIL_00998,37.22,34.47,2.11,4.96,0
SOIL_00999,0.0,12.42,2.12,8.17,0
SOIL_01000,15.93,20.66,1.89,6.79,0
